Week	Day	Content Topic	Type	Format	Hook / Opening Question	Main Educational Angle	Phi Connection	CTA
1	Tue	Why Does Your AI Know Everything About Your Business But Still Not Generate Pipeline?	Pain Point	🎙️ Voice Memo	“If your AI knows everything about your business, why is your sales team still researching accounts manually?”	AI is useless when disconnected from GTM workflows	Datasets + AI-powered GTM workflows	“Where is AI still disconnected from your GTM?”
1	Thu	Your GTM Team Doesn't Need More AI Tools. It Needs Fewer Manual Steps.	Pain Point	🎥 Talking Head	“How many AI tools does your sales team actually use every week?”	AI tool sprawl vs connected workflows	Phi connects AI workers to real GTM execution	“Count how many tools your GTM team touches in a day.”
2	Tue	Your CRM Isn't Your Source of Truth Anymore.	Pain Point	🎙️ Voice Memo	“What if your next best customer isn't even visible in your CRM?”	External signals, intent, market changes and live data	Phi Datasets continuously turns external signals into usable intelligence	“What signal do you wish your CRM captured?”
2	Thu	Why Most AI Sales Agents Fail After the Demo	Pain Point	🎥 Talking Head	“A great AI demo takes 30 seconds. What happens when you put it into a real sales team?”	Production AI requires data, QA, routing, monitoring and escalation	Phi builds AI into operating systems rather than demos	“Would your AI survive Monday morning?”
3	Tue	AI Doesn't Replace the Sales Rep. It Changes What the Sales Rep Does.	Pain Point	🎙️ Voice Memo	“If AI handles research and follow-ups, what should salespeople actually spend their time doing?”	Human judgment vs AI execution	Phi's human + AI operating model	“What would you automate first?”
3	Thu	The 2027 GTM Stack Won't Look Like the 2023 GTM Stack.	Business	🎥 Talking Head	“If you rebuilt your GTM organization for 2027, would you buy the same tools?”	Shift from SaaS-heavy stacks to AI workers + data + systems	Phi Stack / go2market	“What part of GTM will change most?”
4	Tue	AI Is Becoming Infrastructure — Not Software.	Business	🎙️ Voice Memo	“What happens when AI stops being an app employees use and becomes infrastructure?”	AI embedded inside workflows and operations	Phi treats AI as machinery inside the revenue motion	“Are you using AI as a tool or infrastructure?”
4	Thu	Everyone Can Buy the Same AI Model. They Can't Buy Your Workflows.	Business	🎥 Talking Head	“If everyone has access to the same AI models, where does the competitive advantage come from?”	Data + context + workflows + proprietary knowledge	Phi's systems and datasets become the differentiation	“Where is your proprietary AI advantage?”
5	Tue	Your GTM Should Learn From Every Customer Interaction.	Business	🎙️ Voice Memo	“What if every call, email and lost deal automatically made your GTM smarter?”	Build a continuous GTM learning loop	Signal → System → Execution → Learning	“Does your GTM actually learn?”
5	Thu	If Your Best Salesperson Left Tomorrow, Would Your GTM Still Work?	Business	🎥 Talking Head	“If your best salesperson disappeared tomorrow, would your GTM system know what to do?”	Hero-led vs system-led GTM	Phi builds repeatable revenue systems	“How much of your GTM lives in people's heads?”
