dot_number,legal_name,city,state,zip,classdef,drivers,power_units,safety_rating,max_pct,top_basic,alerts,insp_total,rating,crash_24mo,hazmat_viol_24mo,recipe_kept,recipe_reason,jev_tier,jev_operation,jev_operation_p,jev_port_oriented,jev_port_oriented_p,jev_size_profile,jev_size_profile_p,jev_risk_profile,jev_risk_profile_p,jev_mock,jev_model,jev_ms,run_status,run_id
15059,ROGERS SERVICE GROUP INC,BINGHAMTON,NY,13905-2128,AUTHORIZED FOR HIRE,15,30,S,8,veh_maint,,11,Good,0,0,false,"rank 8 outside [50,74], no alert",review,drayage_intermodal,0.85,no,0.07,no,0.48,no,0.16,false,jev-1.13.0,1232,complete,run-wgsyy-zFFj
24111,NASSAU PRINTING MACHINERY INC,COPIAGUE,NY,11726,AUTHORIZED FOR HIRE,12,11,S,73,hos_driv,,8,Mid,0,0,true,"rank 73 in [50,74]",review,drayage_intermodal,0.87,no,0.65,yes,0.88,yes,0.68,false,jev-1.13.0,2092,complete,run-whPDANVW5F
43234,LESTER FELLOWS CO INC,BURLINGTON,NJ,08016,AUTHORIZED FOR HIRE,5,5,S,81,hos_driv,,6,Bad,1,0,false,"rank 81 outside [50,74], no alert",qualified,drayage_intermodal,0.97,yes,0.77,yes,0.84,yes,0.64,false,jev-1.13.0,1356,complete,run-LAyH3VboUS
49848,JERSEY CITY TRANSFER INC,CINNAMINSON,NJ,08077,AUTHORIZED FOR HIRE,12,12,S,91,veh_maint,,11,Bad,1,0,false,"rank 91 outside [50,74], no alert",review,drayage_intermodal,0.98,no,0.54,yes,0.88,yes,0.61,false,jev-1.13.0,1283,complete,run-_4w20qSxaH
58172,GLENERY INC,KEARNY,NJ,07032-4228,AUTHORIZED FOR HIRE,6,6,S,,,,3,No score,0,0,false,only 3 inspections,review,drayage_intermodal,0.97,yes,0.97,yes,0.85,no,0.23,false,jev-1.13.0,1279,complete,run-GOG87AdlUd
129916,W J CASEY TRUCKING & RIGGING CO INC,BRANCHBURG,NJ,08876-3434,AUTHORIZED FOR HIRE,12,13,S,,,,4,No score,0,0,false,only 4 inspections,review,drayage_intermodal,0.69,yes,0.84,yes,0.84,no,0.22,false,jev-1.13.0,1283,complete,run-TMzHIZ-XKY
138970,SEA TRANSFER CORPORATION,SECAUCUS,NJ,07094,AUTHORIZED FOR HIRE,7,8,S,82,veh_maint,,9,Bad,1,0,false,"rank 82 outside [50,74], no alert",qualified,drayage_intermodal,1,yes,0.96,yes,0.85,yes,0.64,false,jev-1.13.0,1284,complete,run-ScAc-kR9_g
142382,COPEBESTWAY EXPRESS INC,CHEEKTOWAGA,NY,14212,AUTHORIZED FOR HIRE,17,19,S,48,veh_maint,,26,Good,0,0,false,"rank 48 outside [50,74], no alert",review,drayage_intermodal,0.91,no,0.38,yes,0.82,yes,0.67,false,jev-1.13.0,1216,complete,run-R_x97BI_Q8
153358,J SUPOR & SON TRUCKING & RIGGING CO INC,HARRISON,NJ,07029,AUTHORIZED FOR HIRE,10,8,C,64,driv_fit,,65,Mid,0,0,true,"rank 64 in [50,74]",qualified,drayage_intermodal,0.88,yes,0.97,yes,0.86,yes,0.69,false,jev-1.13.0,1276,complete,run-EfRusetLm9
163354,R ROMAN TRUCK LEASING INC,ELIZABETH,NJ,07201,AUTHORIZED FOR HIRE,14,14,S,,,,4,No score,0,0,false,only 4 inspections,review,drayage_intermodal,0.9,yes,0.98,yes,0.86,no,0.21,false,jev-1.13.0,1328,complete,run-T9za37tw87
182895,DYNAMIC DELIVERY SERVICES INC,NORTH BERGEN,NJ,07047,AUTHORIZED FOR HIRE,15,28,S,75,driv_fit,,12,Bad,0,0,false,"rank 75 outside [50,74], no alert",review,drayage_intermodal,0.88,yes,0.96,no,0.41,yes,0.79,false,jev-1.13.0,1911,complete,run-hpsV5nQ9HM
215372,L & A FORWARDING INC,UNION,NJ,07083,AUTHORIZED FOR HIRE,16,16,S,73,driv_fit,,18,Mid,0,0,true,"rank 73 in [50,74]",qualified,drayage_intermodal,0.87,yes,0.96,yes,0.85,yes,0.71,false,jev-1.13.0,1229,complete,run-cuIFadi3Pr
259173,JAN PACKAGING INC,DOVER,NJ,07801,AUTHORIZED FOR HIRE,5,11,S,90,driv_fit,,11,Bad,0,0,false,"rank 90 outside [50,74], no alert",qualified,drayage_intermodal,0.77,yes,0.79,yes,0.79,yes,0.68,false,jev-1.13.0,1632,complete,run-85eDPYHHdE
264533,DE SANDRE BROS CO INC,CRANBURY,NJ,08512,AUTHORIZED FOR HIRE,5,4,S,,,,0,No score,0,0,false,only 0 inspections,review,drayage_intermodal,0.96,yes,0.74,yes,0.81,no,0.17,false,jev-1.13.0,1723,complete,run-uZ6KLME7TU
268775,KM TRANSPORTATION CO INC,LOGAN TOWNSHIP,NJ,08085,AUTHORIZED FOR HIRE,17,30,S,56,veh_maint,,18,Mid,0,0,true,"rank 56 in [50,74]",review,drayage_intermodal,0.79,yes,0.82,no,0.4,yes,0.71,false,jev-1.13.0,1272,complete,run-yD0k9yo3nx
268777,ECONOMY TRANSPORT CORPORATION,ROCHESTER,NY,14606,AUTHORIZED FOR HIRE,6,9,S,74,unsafe_driv,,10,Mid,0,0,true,"rank 74 in [50,74]",review,drayage_intermodal,0.89,no,0.3,yes,0.82,yes,0.71,false,jev-1.13.0,1990,complete,run-l_0hO8DHZa
273591,RUSINIAK'S SERVICE INC,CHEEKTOWAGA,NY,14227,PRIVATE PROPERTY;AUTHORIZED FOR HIRE,18,17,S,61,driv_fit,,20,Mid,0,0,true,"rank 61 in [50,74]",review,drayage_intermodal,0.93,no,0.36,yes,0.83,no,0.55,false,jev-1.13.0,1552,complete,run-W2MLz0yKvX
279495,VITALE HEAVY HAULING INC,AUBURN,NY,13021,AUTHORIZED FOR HIRE,4,7,S,70,veh_maint,,6,Mid,0,0,true,"rank 70 in [50,74]",review,drayage_intermodal,0.56,no,0.11,yes,0.76,yes,0.74,false,jev-1.13.0,1254,complete,run-HdVHXQ_QdI
281291,A M EXPRESS FREIGHT INC,EAST RUTHERFORD,NJ,07073,AUTHORIZED FOR HIRE;EXEMPT FOR HIRE,4,5,S,,,,1,No score,0,0,false,only 1 inspections,review,drayage_intermodal,0.96,yes,0.96,yes,0.81,no,0.19,false,jev-1.13.0,2618,complete,run-YY0dK-pFRA
282082,HILLSIDE WAREHOUSE AND TRUCKING CO INC,EDISON,NJ,08837,AUTHORIZED FOR HIRE,19,19,S,,,,3,No score,0,0,false,only 3 inspections,review,drayage_intermodal,0.86,yes,0.93,yes,0.84,no,0.22,false,jev-1.13.0,1362,complete,run-SIfHa4A6sG
298012,JUNELL CORP,WATERLOO,NY,13165,AUTHORIZED FOR HIRE,4,9,S,,,,1,No score,0,0,false,only 1 inspections,review,drayage_intermodal,0.85,no,0.06,yes,0.77,no,0.25,false,jev-1.13.0,1244,complete,run--HYPi-NI_6
308806,CARGO LOGISTICS BY J CIOFFI INC,NEWARK,NJ,07105,AUTHORIZED FOR HIRE,5,5,S,,,,1,No score,0,0,false,only 1 inspections,review,drayage_intermodal,0.97,yes,0.98,yes,0.86,no,0.25,false,jev-1.13.0,1491,complete,run-5gBJ_2Pr6d
309353,A & D EXPRESS INC,MONMOUTH JUNCTION,NJ,08852,AUTHORIZED FOR HIRE,11,11,S,,,,1,No score,0,0,false,only 1 inspections,review,drayage_intermodal,0.95,yes,0.72,yes,0.85,no,0.2,false,jev-1.13.0,1858,complete,run-sr4kHDi1V4
322418,WILLIAM CRIST,CORINTH,NY,12822-2414,AUTHORIZED FOR HIRE,3,3,S,,,,3,No score,0,0,false,only 3 inspections,review,drayage_intermodal,0.87,no,0.11,yes,0.78,no,0.22,false,jev-1.13.0,1585,complete,run-0A9P5FtGbP
327521,JAMES O'DONOGHUE,STAFFORD,NY,14143,AUTHORIZED FOR HIRE,15,16,S,64,driv_fit,,41,Mid,3,0,true,"rank 64 in [50,74]",review,drayage_intermodal,0.89,no,0.36,yes,0.86,yes,0.76,false,jev-1.13.0,1265,complete,run-V9tvnjT_D3
350010,TREZZCO TRUCKING INC,CRANFORD,NJ,07016,AUTHORIZED FOR HIRE,6,6,S,,,,3,No score,0,0,false,only 3 inspections,review,drayage_intermodal,0.92,yes,0.93,yes,0.83,no,0.23,false,jev-1.13.0,5698,complete,run-B5Yw3V6I-G
378608,CIOFFI TOWING SERVICE INC,CHERRY HILL,NJ,08034,AUTHORIZED FOR HIRE,15,17,,71,unsafe_driv,,14,Mid,3,0,true,"rank 71 in [50,74]",review,drayage_intermodal,0.93,no,0.67,yes,0.83,yes,0.8,false,jev-1.13.0,1240,complete,run-Up3LleuGIK
378839,BORWEGEN TRUCKING INC,GREENVILLE,NY,12083,AUTHORIZED FOR HIRE,5,5,S,72,veh_maint,,8,Mid,1,0,true,"rank 72 in [50,74]",review,drayage_intermodal,0.89,no,0.25,yes,0.82,yes,0.78,false,jev-1.13.0,1723,complete,run-FS7Xf2cKQO
388343,MIKE VAN ELSWYK TRUCKING INCORPORATED,ELIZABETH,NJ,07201,PRIVATE PROPERTY;AUTHORIZED FOR HIRE,12,12,C,88,veh_maint,,6,Bad,3,0,false,"rank 88 outside [50,74], no alert",review,drayage_intermodal,0.95,yes,0.98,yes,0.89,no,0.47,false,jev-1.13.0,1571,complete,run-_jZ10G7Pgt
395849,D BAS TRUCKING & WAREHOUSING LLC,ANDOVER,NJ,07821,AUTHORIZED FOR HIRE,4,4,S,,,,1,No score,1,0,false,only 1 inspections,review,drayage_intermodal,0.83,no,0.64,yes,0.8,no,0.26,false,jev-1.13.0,1953,complete,run-dPoTrKhNv1